{
  "dataset": "trec",
  "colluder_ratio": 0.3,
  "scenarios": {
    "S1": {
      "stylegcl": {
        "threshold": 0.5610131430914567,
        "precision": 0.4375,
        "recall": 0.7777777777777778,
        "f1": 0.56,
        "accuracy": 0.6333333333333333,
        "auc_roc": 0.5978835978835979,
        "fp_at_recall_0.8": 0.5714285714285714,
        "tp": 7.0,
        "fp": 9.0,
        "fn": 2.0,
        "tn": 12.0
      },
      "cosine": {
        "threshold": 0.5092173739740443,
        "precision": 0.3103448275862069,
        "recall": 1.0,
        "f1": 0.4736842105263158,
        "accuracy": 0.3333333333333333,
        "auc_roc": 0.07936507936507936,
        "fp_at_recall_0.8": 0.9523809523809523,
        "tp": 9.0,
        "fp": 20.0,
        "fn": 0.0,
        "tn": 1.0
      },
      "stylometric": {
        "threshold": 0.0,
        "precision": 0.3,
        "recall": 1.0,
        "f1": 0.4615384615384615,
        "accuracy": 0.3,
        "auc_roc": 0.0,
        "fp_at_recall_0.8": 1.0,
        "tp": 9.0,
        "fp": 21.0,
        "fn": 0.0,
        "tn": 0.0
      },
      "nkcd": {
        "threshold": 0.875,
        "precision": 0.5384615384615384,
        "recall": 0.7777777777777778,
        "f1": 0.6363636363636364,
        "accuracy": 0.7333333333333333,
        "auc_roc": 0.6825396825396826,
        "fp_at_recall_0.8": 0.7619047619047619,
        "tp": 7.0,
        "fp": 6.0,
        "fn": 2.0,
        "tn": 15.0
      }
    },
    "S2": {
      "stylegcl": {
        "threshold": 0.0,
        "precision": 0.3,
        "recall": 1.0,
        "f1": 0.4615384615384615,
        "accuracy": 0.3,
        "auc_roc": 0.3544973544973545,
        "fp_at_recall_0.8": 1.0,
        "tp": 9.0,
        "fp": 21.0,
        "fn": 0.0,
        "tn": 0.0
      },
      "cosine": {
        "threshold": 0.0,
        "precision": 0.3,
        "recall": 1.0,
        "f1": 0.4615384615384615,
        "accuracy": 0.3,
        "auc_roc": 0.05291005291005291,
        "fp_at_recall_0.8": 1.0,
        "tp": 9.0,
        "fp": 21.0,
        "fn": 0.0,
        "tn": 0.0
      },
      "stylometric": {
        "threshold": 0.0,
        "precision": 0.3,
        "recall": 1.0,
        "f1": 0.4615384615384615,
        "accuracy": 0.3,
        "auc_roc": 0.026455026455026454,
        "fp_at_recall_0.8": 1.0,
        "tp": 9.0,
        "fp": 21.0,
        "fn": 0.0,
        "tn": 0.0
      },
      "nkcd": {
        "threshold": 0.8090909090909091,
        "precision": 0.4666666666666667,
        "recall": 0.7777777777777778,
        "f1": 0.5833333333333334,
        "accuracy": 0.6666666666666666,
        "auc_roc": 0.7275132275132276,
        "fp_at_recall_0.8": 0.6190476190476191,
        "tp": 7.0,
        "fp": 8.0,
        "fn": 2.0,
        "tn": 13.0
      }
    },
    "S3": {
      "stylegcl": {
        "threshold": 0.43566755308742006,
        "precision": 0.4117647058823529,
        "recall": 0.7777777777777778,
        "f1": 0.5384615384615384,
        "accuracy": 0.6,
        "auc_roc": 0.5291005291005291,
        "fp_at_recall_0.8": 0.7142857142857143,
        "tp": 7.0,
        "fp": 10.0,
        "fn": 2.0,
        "tn": 11.0
      },
      "cosine": {
        "threshold": 0.6230653865095975,
        "precision": 0.3333333333333333,
        "recall": 1.0,
        "f1": 0.5,
        "accuracy": 0.4,
        "auc_roc": 0.4021164021164021,
        "fp_at_recall_0.8": 0.8571428571428571,
        "tp": 9.0,
        "fp": 18.0,
        "fn": 0.0,
        "tn": 3.0
      },
      "stylometric": {
        "threshold": 0.0,
        "precision": 0.3,
        "recall": 1.0,
        "f1": 0.4615384615384615,
        "accuracy": 0.3,
        "auc_roc": 0.0,
        "fp_at_recall_0.8": 1.0,
        "tp": 9.0,
        "fp": 21.0,
        "fn": 0.0,
        "tn": 0.0
      },
      "nkcd": {
        "threshold": 0.6142857142857142,
        "precision": 0.3333333333333333,
        "recall": 1.0,
        "f1": 0.5,
        "accuracy": 0.4,
        "auc_roc": 0.6031746031746031,
        "fp_at_recall_0.8": 0.8571428571428571,
        "tp": 9.0,
        "fp": 18.0,
        "fn": 0.0,
        "tn": 3.0
      }
    },
    "S4": {
      "stylegcl": {
        "threshold": 0.5386613197643182,
        "precision": 0.3888888888888889,
        "recall": 0.7777777777777778,
        "f1": 0.5185185185185185,
        "accuracy": 0.5666666666666667,
        "auc_roc": 0.43386243386243384,
        "fp_at_recall_0.8": 0.8571428571428571,
        "tp": 7.0,
        "fp": 11.0,
        "fn": 2.0,
        "tn": 10.0
      },
      "cosine": {
        "threshold": 0.0,
        "precision": 0.3,
        "recall": 1.0,
        "f1": 0.4615384615384615,
        "accuracy": 0.3,
        "auc_roc": 0.1111111111111111,
        "fp_at_recall_0.8": 0.9523809523809523,
        "tp": 9.0,
        "fp": 21.0,
        "fn": 0.0,
        "tn": 0.0
      },
      "stylometric": {
        "threshold": 0.8293397223748792,
        "precision": 0.32142857142857145,
        "recall": 1.0,
        "f1": 0.4864864864864865,
        "accuracy": 0.36666666666666664,
        "auc_roc": 0.09523809523809523,
        "fp_at_recall_0.8": 0.9047619047619048,
        "tp": 9.0,
        "fp": 19.0,
        "fn": 0.0,
        "tn": 2.0
      },
      "nkcd": {
        "threshold": 0.48666666666666664,
        "precision": 0.3333333333333333,
        "recall": 1.0,
        "f1": 0.5,
        "accuracy": 0.4,
        "auc_roc": 0.6455026455026455,
        "fp_at_recall_0.8": 0.8571428571428571,
        "tp": 9.0,
        "fp": 18.0,
        "fn": 0.0,
        "tn": 3.0
      }
    },
    "S5": {
      "stylegcl": {
        "threshold": 0.5593707471713166,
        "precision": 0.47058823529411764,
        "recall": 0.8888888888888888,
        "f1": 0.6153846153846153,
        "accuracy": 0.6666666666666666,
        "auc_roc": 0.671957671957672,
        "fp_at_recall_0.8": 0.42857142857142855,
        "tp": 8.0,
        "fp": 9.0,
        "fn": 1.0,
        "tn": 12.0
      },
      "cosine": {
        "threshold": 0.0,
        "precision": 0.3,
        "recall": 1.0,
        "f1": 0.4615384615384615,
        "accuracy": 0.3,
        "auc_roc": 0.08465608465608465,
        "fp_at_recall_0.8": 1.0,
        "tp": 9.0,
        "fp": 21.0,
        "fn": 0.0,
        "tn": 0.0
      },
      "stylometric": {
        "threshold": 0.0,
        "precision": 0.3,
        "recall": 1.0,
        "f1": 0.4615384615384615,
        "accuracy": 0.3,
        "auc_roc": 0.0,
        "fp_at_recall_0.8": 1.0,
        "tp": 9.0,
        "fp": 21.0,
        "fn": 0.0,
        "tn": 0.0
      },
      "nkcd": {
        "threshold": 0.85,
        "precision": 0.42105263157894735,
        "recall": 0.8888888888888888,
        "f1": 0.5714285714285714,
        "accuracy": 0.6,
        "auc_roc": 0.6481481481481481,
        "fp_at_recall_0.8": 0.5238095238095238,
        "tp": 8.0,
        "fp": 11.0,
        "fn": 1.0,
        "tn": 10.0
      }
    },
    "S6": {
      "stylegcl": {
        "threshold": 0.4493373264798982,
        "precision": 0.3888888888888889,
        "recall": 0.7777777777777778,
        "f1": 0.5185185185185185,
        "accuracy": 0.5666666666666667,
        "auc_roc": 0.4497354497354497,
        "fp_at_recall_0.8": 0.9047619047619048,
        "tp": 7.0,
        "fp": 11.0,
        "fn": 2.0,
        "tn": 10.0
      },
      "cosine": {
        "threshold": 0.5426900849264651,
        "precision": 0.34615384615384615,
        "recall": 1.0,
        "f1": 0.5142857142857142,
        "accuracy": 0.43333333333333335,
        "auc_roc": 0.26455026455026454,
        "fp_at_recall_0.8": 0.8095238095238095,
        "tp": 9.0,