{
  "path": "label_correlation",
  "cluster_info": {
    "n_clusters": 3,
    "eigenvalues": [
      -2.1990959358546093e-16,
      0.942450030079529,
      0.9507465553915814,
      0.9568016223975062,
      0.960214006008441,
      0.9665540754411882,
      0.9730855208029507,
      0.9763229957910596,
      1.076702738846157,
      1.0776477645927838,
      1.0779921134016883,
      1.078606905107864,
      1.0788414641634925,
      1.079016334945332,
      1.0791713667391276,
      1.0795744821061015,
      1.079839032923828,
      1.0798763858868587,
      1.0799733152013573,
      1.080196226025391
    ],
    "affinity": "cosine",
    "path": "label_correlation"
  },
  "num_records": 360,
  "metrics": {
    "threshold": 0.3311291165737669,
    "precision": 0.3333333333333333,
    "recall": 1.0,
    "f1": 0.5,
    "accuracy": 0.4166666666666667,
    "auc_roc": 0.48739495798319327,
    "fp_at_recall_0.8": 0.7647058823529411,
    "tp": 7.0,
    "fp": 14.0,
    "fn": 0.0,
    "tn": 3.0,
    "nmi_binary": 0.025416990743652213,
    "ari_binary": -0.038270552239554584
  },
  "num_workers": 24
}