{
  "path": "text_style_fingerprint",
  "losses": {
    "content_reconstruction": 0.0025379291597391576,
    "orthogonal": 7.667608591091683e-34,
    "style_consistency": 0.004801705713098574,
    "info_nce": 3.1629885568300744,
    "total": 3.1679273388463627
  },
  "cluster_info": {
    "n_clusters": 3,
    "eigenvalues": [
      -7.591883506488063e-16,
      1.0431138391724244,
      1.0432153568200104,
      1.04329155991318,
      1.043326324355027,
      1.0433364916997776,
      1.0433936460557227,
      1.0434193588845513,
      1.0434359473072254,
      1.04345973087671,
      1.0434798219992183,
      1.043484101974296,
      1.043514107263794,
      1.043521572928379,
      1.043541414543201,
      1.0435530255068055,
      1.0435736049721658,
      1.0435952817793066,
      1.0436004708098092,
      1.0436041381663532
    ],
    "affinity": "cosine"
  },
  "num_records": 240,
  "metrics": {
    "threshold": 0.03133833171256072,
    "precision": 0.3181818181818182,
    "recall": 1.0,
    "f1": 0.4827586206896552,
    "accuracy": 0.375,
    "auc_roc": 0.5294117647058824,
    "fp_at_recall_0.8": 0.7647058823529411,
    "tp": 7.0,
    "fp": 15.0,
    "fn": 0.0,
    "tn": 2.0,
    "nmi_binary": 0.003697752346314564,
    "ari_binary": -0.046132362475687014
  },
  "num_workers": 24
}