{
  "full": {
    "threshold": 0.4155339358323357,
    "precision": 0.4666666666666667,
    "recall": 0.7777777777777778,
    "f1": 0.5833333333333334,
    "accuracy": 0.6666666666666666,
    "auc_roc": 0.671957671957672,
    "fp_at_recall_0.8": 0.7619047619047619,
    "tp": 7.0,
    "fp": 8.0,
    "fn": 2.0,
    "tn": 13.0
  },
  "w_o_graph": {
    "threshold": 0.0,
    "precision": 0.3,
    "recall": 1.0,
    "f1": 0.4615384615384615,
    "accuracy": 0.3,
    "auc_roc": 0.015873015873015872,
    "fp_at_recall_0.8": 1.0,
    "tp": 9.0,
    "fp": 21.0,
    "fn": 0.0,
    "tn": 0.0
  },
  "weaker_graph": {
    "threshold": 0.4169204573545206,
    "precision": 0.4666666666666667,
    "recall": 0.7777777777777778,
    "f1": 0.5833333333333334,
    "accuracy": 0.6666666666666666,
    "auc_roc": 0.671957671957672,
    "fp_at_recall_0.8": 0.7619047619047619,
    "tp": 7.0,
    "fp": 8.0,
    "fn": 2.0,
    "tn": 13.0
  },
  "high_mask": {
    "threshold": 0.6629762523788435,
    "precision": 0.5555555555555556,
    "recall": 0.5555555555555556,
    "f1": 0.5555555555555556,
    "accuracy": 0.7333333333333333,
    "auc_roc": 0.5608465608465608,
    "fp_at_recall_0.8": 1.0,
    "tp": 5.0,
    "fp": 4.0,
    "fn": 4.0,
    "tn": 17.0
  }
}